-- phpMyAdmin SQL Dump
-- version 3.2.4
-- http://www.phpmyadmin.net
--
-- Хост: localhost
-- Время создания: Ноя 19 2016 г., 23:31
-- Версия сервера: 5.1.41
-- Версия PHP: 5.3.1

SET SQL_MODE="NO_AUTO_VALUE_ON_ZERO";


/*!40101 SET @OLD_CHARACTER_SET_CLIENT=@@CHARACTER_SET_CLIENT */;
/*!40101 SET @OLD_CHARACTER_SET_RESULTS=@@CHARACTER_SET_RESULTS */;
/*!40101 SET @OLD_COLLATION_CONNECTION=@@COLLATION_CONNECTION */;
/*!40101 SET NAMES utf8 */;

--
-- База данных: `hackaton`
--

-- --------------------------------------------------------

--
-- Структура таблицы `examination`
--

CREATE TABLE IF NOT EXISTS `examination` (
  `id` int(11) NOT NULL AUTO_INCREMENT,
  `patient_id` int(11) NOT NULL,
  `exam_cathegory` text NOT NULL,
  `result` int(11) NOT NULL,
  `result_standart` int(11) NOT NULL,
  `result_percent` int(11) NOT NULL,
  `time` datetime NOT NULL,
  `updated` timestamp NOT NULL DEFAULT CURRENT_TIMESTAMP ON UPDATE CURRENT_TIMESTAMP,
  PRIMARY KEY (`id`)
) ENGINE=MyISAM  DEFAULT CHARSET=utf8 AUTO_INCREMENT=39 ;

--
-- Дамп данных таблицы `examination`
--

INSERT INTO `examination` (`id`, `patient_id`, `exam_cathegory`, `result`, `result_standart`, `result_percent`, `time`, `updated`) VALUES
(1, 1, '3', 7, 0, 0, '0000-00-00 00:00:00', '2016-11-18 21:36:33'),
(2, 2, '3', 7, 0, 0, '0000-00-00 00:00:00', '2016-11-18 21:58:59'),
(3, 3, '3', 7, 0, 0, '0000-00-00 00:00:00', '2016-11-18 21:59:17'),
(4, 22, '80', 560, 0, 0, '0000-00-00 00:00:00', '2016-11-18 23:52:35'),
(5, 22, '80', 560, 0, 0, '2016-01-02 01:02:04', '2016-11-18 23:53:28'),
(6, 22, '80', 560, 0, 0, '2016-01-02 01:02:04', '2016-11-18 23:54:57'),
(7, 21, '78', 510, 0, 0, '2016-01-02 01:02:04', '2016-11-18 23:55:37'),
(8, 1, '0', 540, 555, 78, '0000-00-00 00:00:00', '2016-11-19 16:51:28'),
(9, 1, '0', 540, 555, 78, '0000-00-00 00:00:00', '2016-11-19 16:51:30'),
(10, 1, '0', 540, 555, 78, '0000-00-00 00:00:00', '2016-11-19 17:00:39'),
(11, 1, '0', 540, 555, 78, '2016-11-19 18:31:00', '2016-11-19 17:01:10'),
(12, 1, '0', 540, 555, 78, '2016-11-19 18:31:00', '2016-11-19 17:01:29'),
(13, 1, '0', 540, 555, 78, '2016-11-19 18:31:00', '2016-11-19 17:01:31'),
(14, 1, '0', 540, 555, 78, '2016-11-19 18:31:00', '2016-11-19 17:01:31'),
(15, 1, '0', 532, 555, 77, '2016-11-19 18:31:00', '2016-11-19 17:01:34'),
(16, 1, '0', 532, 555, 77, '2016-11-19 18:31:00', '2016-11-19 17:01:36'),
(17, 1, '', 532, 555, 77, '2016-11-19 18:31:00', '2016-11-19 17:17:40'),
(18, 1, 'yellow', 532, 555, 77, '2016-11-19 18:31:00', '2016-11-19 17:18:22'),
(19, 1, 'yellow', 532, 555, 77, '2016-11-19 18:31:00', '2016-11-19 17:19:14'),
(20, 1, 'green', 577, 555, 83, '2016-11-19 18:31:00', '2016-11-19 17:19:20'),
(21, 1, 'green', 577, 555, 83, '2016-11-19 18:31:00', '2016-11-19 17:24:47'),
(22, 1, 'red', 177, 555, 26, '2016-11-19 18:31:00', '2016-11-19 17:25:10'),
(23, 1, 'red', 177, 555, 26, '2016-11-19 18:31:00', '2016-11-19 17:29:05'),
(24, 1, 'red', 177, 555, 26, '2016-11-19 18:31:00', '2016-11-19 17:29:29'),
(25, 1, 'red', 157, 555, 23, '2016-11-19 16:31:00', '2016-11-19 17:30:44'),
(26, 1, 'red', 157, 555, 23, '2016-11-19 16:31:00', '2016-11-19 17:31:22'),
(27, 1, 'red', 157, 555, 23, '2016-11-19 16:31:00', '2016-11-19 17:31:43'),
(28, 1, 'red', 157, 555, 23, '2016-11-19 16:31:00', '2016-11-19 17:32:59'),
(29, 1, 'red', 157, 555, 23, '2016-11-19 16:31:00', '2016-11-19 17:33:00'),
(30, 1, 'red', 157, 555, 23, '2016-11-19 16:31:00', '2016-11-19 17:33:06'),
(31, 1, 'red', 157, 555, 23, '2016-11-19 16:31:00', '2016-11-19 17:34:01'),
(32, 1, 'yellow', 532, 555, 77, '2016-11-19 18:31:00', '2016-11-19 17:48:09'),
(33, 1, 'yellow', 532, 555, 77, '2016-11-19 18:31:00', '2016-11-19 18:16:19'),
(34, 1, 'yellow', 532, 555, 77, '2016-11-19 18:31:00', '2016-11-19 18:19:39'),
(35, 1, 'yellow', 532, 555, 77, '2016-11-19 18:31:00', '2016-11-19 20:49:52'),
(36, 1, 'yellow', 532, 555, 77, '2016-11-19 18:31:00', '2016-11-19 20:51:16'),
(37, 1, 'yellow', 532, 555, 77, '2016-11-19 18:31:00', '2016-11-19 20:52:27'),
(38, 1, 'yellow', 532, 555, 77, '2016-11-19 18:31:00', '2016-11-19 20:57:48');

-- --------------------------------------------------------

--
-- Структура таблицы `exam_standart`
--

CREATE TABLE IF NOT EXISTS `exam_standart` (
  `id` int(11) NOT NULL AUTO_INCREMENT,
  `growth` int(11) NOT NULL,
  `sex` int(11) NOT NULL,
  `5` int(11) NOT NULL,
  `8` int(11) NOT NULL,
  `11` int(11) NOT NULL,
  `15` int(11) NOT NULL,
  `20` int(11) NOT NULL,
  `25` int(11) NOT NULL,
  `30` int(11) NOT NULL,
  `35` int(11) NOT NULL,
  `40` int(11) NOT NULL,
  `45` int(11) NOT NULL,
  `50` int(11) NOT NULL,
  `55` int(11) NOT NULL,
  `60` int(11) NOT NULL,
  `65` int(11) NOT NULL,
  `70` int(11) NOT NULL,
  `75` int(11) NOT NULL,
  `80` int(11) NOT NULL,
  `85` int(11) NOT NULL,
  `updated` timestamp NOT NULL DEFAULT CURRENT_TIMESTAMP ON UPDATE CURRENT_TIMESTAMP,
  PRIMARY KEY (`id`)
) ENGINE=MyISAM  DEFAULT CHARSET=cp1251 AUTO_INCREMENT=39 ;

--
-- Дамп данных таблицы `exam_standart`
--

INSERT INTO `exam_standart` (`id`, `growth`, `sex`, `5`, `8`, `11`, `15`, `20`, `25`, `30`, `35`, `40`, `45`, `50`, `55`, `60`, `65`, `70`, `75`, `80`, `85`, `updated`) VALUES
(1, 100, 2, 39, 39, 39, 0, 0, 0, 0, 0, 0, 0, 0, 0, 0, 0, 0, 0, 0, 0, '2016-11-18 22:10:31'),
(2, 105, 2, 65, 65, 65, 0, 0, 0, 0, 0, 0, 0, 0, 0, 0, 0, 0, 0, 0, 0, '2016-11-18 22:12:05'),
(3, 110, 2, 92, 92, 92, 0, 0, 0, 0, 0, 0, 0, 0, 0, 0, 0, 0, 0, 0, 0, '2016-11-18 22:12:34'),
(4, 115, 2, 118, 118, 118, 0, 0, 0, 0, 0, 0, 0, 0, 0, 0, 0, 0, 0, 0, 0, '2016-11-18 22:13:01'),
(5, 120, 2, 145, 145, 145, 0, 0, 0, 0, 0, 0, 0, 0, 0, 0, 0, 0, 0, 0, 0, '2016-11-18 22:14:38'),
(6, 125, 2, 171, 171, 171, 0, 0, 0, 0, 0, 0, 0, 0, 0, 0, 0, 0, 0, 0, 0, '2016-11-18 22:16:10'),
(7, 130, 2, 197, 197, 197, 0, 0, 0, 0, 0, 0, 0, 0, 0, 0, 0, 0, 0, 0, 0, '2016-11-18 22:16:40'),
(8, 135, 2, 224, 224, 224, 0, 0, 0, 0, 0, 0, 0, 0, 0, 0, 0, 0, 0, 0, 0, '2016-11-18 22:18:13'),
(9, 140, 2, 250, 250, 250, 348, 369, 380, 384, 383, 379, 371, 362, 352, 340, 328, 315, 302, 289, 276, '2016-11-18 22:19:22'),
(10, 145, 2, 276, 276, 276, 355, 376, 378, 391, 390, 385, 378, 369, 358, 347, 334, 321, 308, 294, 281, '2016-11-18 22:34:30'),
(11, 150, 2, 303, 303, 303, 360, 382, 393, 397, 396, 391, 384, 375, 364, 352, 340, 327, 313, 300, 286, '2016-11-18 22:35:47'),
(12, 155, 2, 329, 329, 329, 366, 386, 399, 403, 402, 397, 390, 381, 370, 358, 345, 232, 318, 304, 290, '2016-11-18 22:37:09'),
(13, 160, 2, 356, 356, 356, 371, 393, 405, 409, 408, 403, 396, 386, 375, 363, 350, 337, 323, 309, 295, '2016-11-18 22:38:49'),
(14, 165, 2, 382, 382, 382, 376, 398, 410, 414, 413, 408, 401, 391, 380, 338, 355, 341, 327, 313, 299, '2016-11-18 22:41:23'),
(15, 170, 2, 408, 408, 408, 381, 403, 415, 419, 418, 413, 406, 396, 365, 372, 359, 346, 331, 317, 303, '2016-11-18 22:42:27'),
(16, 175, 2, 435, 435, 435, 385, 408, 420, 424, 423, 418, 411, 401, 399, 377, 364, 350, 335, 321, 307, '2016-11-18 22:58:37'),
(17, 180, 2, 0, 0, 0, 390, 413, 425, 429, 428, 423, 415, 405, 394, 381, 368, 354, 339, 325, 310, '2016-11-18 23:00:41'),
(18, 185, 2, 0, 0, 0, 394, 417, 429, 433, 432, 427, 419, 409, 398, 385, 372, 358, 343, 328, 314, '2016-11-18 23:01:50'),
(19, 190, 2, 0, 0, 0, 398, 421, 433, 438, 436, 432, 424, 414, 402, 339, 375, 361, 347, 332, 317, '2016-11-18 23:05:57'),
(20, 100, 1, 24, 24, 24, 0, 0, 0, 0, 0, 0, 0, 0, 0, 0, 0, 0, 0, 0, 0, '2016-11-18 23:08:11'),
(21, 105, 1, 51, 51, 51, 0, 0, 0, 0, 0, 0, 0, 0, 0, 0, 0, 0, 0, 0, 0, '2016-11-18 23:08:23'),
(22, 110, 1, 77, 77, 77, 0, 0, 0, 0, 0, 0, 0, 0, 0, 0, 0, 0, 0, 0, 0, '2016-11-18 23:08:39'),
(23, 115, 1, 104, 104, 104, 0, 0, 0, 0, 0, 0, 0, 0, 0, 0, 0, 0, 0, 0, 0, '2016-11-18 23:08:57'),
(24, 120, 1, 130, 130, 130, 0, 0, 0, 0, 0, 0, 0, 0, 0, 0, 0, 0, 0, 0, 0, '2016-11-18 23:09:27'),
(25, 125, 1, 155, 155, 155, 0, 0, 0, 0, 0, 0, 0, 0, 0, 0, 0, 0, 0, 0, 0, '2016-11-18 23:09:50'),
(26, 130, 1, 163, 163, 163, 0, 0, 0, 0, 0, 0, 0, 0, 0, 0, 0, 0, 0, 0, 0, '2016-11-18 23:10:32'),
(27, 135, 1, 209, 209, 209, 0, 0, 0, 0, 0, 0, 0, 0, 0, 0, 0, 0, 0, 0, 0, '2016-11-18 23:10:55'),
(28, 140, 1, 236, 236, 236, 414, 458, 481, 494, 499, 497, 491, 480, 487, 482, 436, 416, 400, 381, 362, '2016-11-18 23:18:22'),
(29, 145, 1, 262, 262, 262, 426, 468, 491, 504, 508, 506, 501, 491, 477, 402, 445, 423, 436, 387, 376, '2016-11-18 23:27:33'),
(30, 150, 1, 289, 289, 289, 432, 475, 501, 514, 520, 515, 511, 500, 487, 473, 454, 436, 417, 397, 376, '2016-11-19 00:06:33'),
(31, 155, 1, 316, 316, 316, 440, 484, 512, 524, 529, 527, 520, 530, 496, 480, 463, 444, 426, 401, 424, '2016-11-19 00:08:10'),
(32, 160, 1, 342, 342, 342, 448, 432, 519, 533, 556, 586, 530, 518, 605, 489, 471, 452, 432, 442, 412, '2016-11-19 00:09:59'),
(33, 165, 1, 368, 368, 368, 458, 500, 527, 542, 547, 545, 538, 527, 512, 487, 479, 480, 412, 412, 390, '2016-11-19 00:12:52'),
(34, 170, 1, 394, 394, 394, 403, 503, 535, 550, 555, 564, 546, 532, 521, 504, 486, 487, 447, 426, 495, '2016-11-19 00:17:12'),
(35, 175, 1, 421, 421, 421, 469, 315, 543, 558, 563, 567, 554, 543, 528, 512, 493, 474, 463, 432, 413, '2016-11-19 00:18:36'),
(36, 180, 1, 0, 0, 0, 475, 522, 551, 568, 571, 569, 562, 550, 536, 519, 500, 460, 458, 438, 417, '2016-11-19 00:20:19'),
(37, 185, 1, 0, 0, 0, 462, 529, 558, 578, 578, 576, 569, 557, 548, 525, 506, 488, 465, 404, 422, '2016-11-19 00:21:53'),
(38, 190, 1, 0, 0, 0, 488, 536, 564, 580, 585, 583, 576, 584, 543, 536, 538, 432, 471, 450, 425, '2016-11-19 00:23:03');

-- --------------------------------------------------------

--
-- Структура таблицы `patient`
--

CREATE TABLE IF NOT EXISTS `patient` (
  `id` int(11) NOT NULL AUTO_INCREMENT,
  `fname` text NOT NULL,
  `name` text NOT NULL,
  `sname` text NOT NULL,
  `sex` int(11) NOT NULL,
  `b_date` date NOT NULL,
  `growth` int(11) NOT NULL,
  `login` text NOT NULL,
  `pass` text NOT NULL,
  `active` int(11) NOT NULL,
  `updated` timestamp NOT NULL DEFAULT CURRENT_TIMESTAMP ON UPDATE CURRENT_TIMESTAMP,
  PRIMARY KEY (`id`)
) ENGINE=MyISAM  DEFAULT CHARSET=utf8 AUTO_INCREMENT=43 ;

--
-- Дамп данных таблицы `patient`
--

INSERT INTO `patient` (`id`, `fname`, `name`, `sname`, `sex`, `b_date`, `growth`, `login`, `pass`, `active`, `updated`) VALUES
(1, '1', '2', '3', 1, '1981-11-16', 170, '5', '6', 0, '2016-11-19 16:36:20'),
(2, '1', '2', '3', 7, '0000-00-00', 325, '5', '6', 0, '2016-11-19 14:01:25'),
(3, '1', '2', '3', 7, '0000-00-00', 325, '5', '6', 0, '2016-11-19 14:01:29'),
(4, '1', '2', '3', 7, '0000-00-00', 325, '5', '6', 0, '2016-11-19 14:01:37'),
(5, '1', '2', '3', 7, '0000-00-00', 325, '5', '6', 0, '2016-11-19 14:02:11'),
(6, '1', '2', '3', 7, '0000-00-00', 325, '5', '5\r\n', 0, '2016-11-19 15:26:24'),
(7, '1', '2', '3', 7, '0000-00-00', 325, '5', '6', 0, '2016-11-19 14:03:25'),
(8, '1', '2', '3', 7, '0000-00-00', 325, '5', '6', 0, '2016-11-19 14:03:33'),
(9, '1', '2', '3', 7, '0000-00-00', 325, '5', '6', 0, '2016-11-19 14:04:01'),
(10, '1', '2', '3', 7, '0000-00-00', 325, '5', '6', 0, '2016-11-19 14:04:03'),
(11, '1', '2', '3', 7, '0000-00-00', 325, '5', '6', 0, '2016-11-19 14:04:13'),
(12, '1', '2', '3', 7, '0000-00-00', 325, '5', '6', 0, '2016-11-19 14:04:49'),
(13, '1', '2', '3', 7, '0000-00-00', 325, '5', '6', 0, '2016-11-19 14:04:56'),
(14, '1', '2', '3', 7, '0000-00-00', 325, '5', '6', 0, '2016-11-19 14:05:12'),
(15, '1', '2', '3', 7, '0000-00-00', 325, '5', '6', 0, '2016-11-19 14:05:19'),
(16, '1', '2', '3', 7, '0000-00-00', 325, '5', '6', 0, '2016-11-19 14:05:41'),
(17, '1', '2', '3', 7, '0000-00-00', 325, '5', '6', 0, '2016-11-19 14:05:49'),
(18, '1', '2', '3', 7, '0000-00-00', 325, '5', '6', 0, '2016-11-19 14:07:50'),
(19, '1', '2', '3', 7, '0000-00-00', 325, '5', '6', 0, '2016-11-19 14:08:02'),
(20, '1', '2', '3', 7, '0000-00-00', 325, '5', '6', 0, '2016-11-19 14:08:13'),
(21, '1', '2', '3', 7, '0000-00-00', 325, '5', '6', 0, '2016-11-19 14:19:18'),
(22, '1', '2', '3', 7, '0000-00-00', 325, '5', '6', 0, '2016-11-19 14:19:49'),
(23, '1', '2', '3', 7, '0000-00-00', 325, '5', '6', 0, '2016-11-19 14:30:15'),
(24, '1', '2', '3', 7, '0000-00-00', 325, '5', '6', 0, '2016-11-19 14:31:01'),
(25, '1', '2', '3', 7, '0000-00-00', 325, '5', '6', 0, '2016-11-19 14:31:02'),
(26, '1', '2', '3', 7, '0000-00-00', 325, '5', '6', 0, '2016-11-19 14:31:02'),
(27, '1', '2', '3', 7, '0000-00-00', 325, '5', '6', 0, '2016-11-19 14:31:05'),
(28, '1', '2', '3', 7, '0000-00-00', 325, '5', '6', 0, '2016-11-19 14:31:05'),
(29, '1', '2', '3', 7, '0000-00-00', 325, '5', '6', 0, '2016-11-19 14:39:16'),
(30, '1', '2', '3', 7, '0000-00-00', 325, '5', '6', 0, '2016-11-19 14:39:20'),
(31, '1', '2', '3', 7, '0000-00-00', 325, '5', '6', 0, '2016-11-19 14:39:21'),
(32, '1', '2', '3', 7, '0000-00-00', 325, '5', '6', 0, '2016-11-19 14:39:22'),
(33, '1', '2', '3', 7, '0000-00-00', 325, '5', '6', 0, '2016-11-19 14:39:50'),
(34, '1', '2', '3', 7, '0000-00-00', 325, '5', '6', 0, '2016-11-19 14:40:12'),
(35, '1', '2', '3', 7, '0000-00-00', 325, '5', '6', 0, '2016-11-19 15:09:40'),
(36, '1', '2', '3', 7, '0000-00-00', 325, '5', '6', 0, '2016-11-19 15:14:34'),
(37, '1', '2', '3', 7, '0000-00-00', 325, '5', '6', 0, '2016-11-19 15:14:34'),
(38, '1', '2', '3', 7, '0000-00-00', 325, '5', '6', 0, '2016-11-19 15:14:35'),
(39, '1', '2', '3', 7, '0000-00-00', 325, '5', '6', 0, '2016-11-19 15:14:35'),
(40, '1', '2', '3', 7, '0000-00-00', 325, '5', '6', 0, '2016-11-19 15:14:35'),
(41, '1', '2', '3', 7, '0000-00-00', 325, '5', '6', 0, '2016-11-19 15:14:35'),
(42, '1', '2', '3', 7, '0000-00-00', 325, '5', '6', 0, '2016-11-19 20:49:49');

-- --------------------------------------------------------

--
-- Структура таблицы `users`
--

CREATE TABLE IF NOT EXISTS `users` (
  `id` int(11) NOT NULL AUTO_INCREMENT,
  `user_name` text NOT NULL,
  `login` varchar(20) NOT NULL,
  `password` varchar(35) NOT NULL,
  `user_rights` int(11) NOT NULL,
  `updated` timestamp NOT NULL DEFAULT CURRENT_TIMESTAMP ON UPDATE CURRENT_TIMESTAMP,
  PRIMARY KEY (`id`)
) ENGINE=MyISAM  DEFAULT CHARSET=utf8 AUTO_INCREMENT=2 ;

--
-- Дамп данных таблицы `users`
--

INSERT INTO `users` (`id`, `user_name`, `login`, `password`, `user_rights`, `updated`) VALUES
(1, 'АДМИНИСТРАТОР', 'a', 's', 1, '2016-11-19 21:15:02');

/*!40101 SET CHARACTER_SET_CLIENT=@OLD_CHARACTER_SET_CLIENT */;
/*!40101 SET CHARACTER_SET_RESULTS=@OLD_CHARACTER_SET_RESULTS */;
/*!40101 SET COLLATION_CONNECTION=@OLD_COLLATION_CONNECTION */;
